labelID,issueID,projectID
kYiAYKfppxHQ0d2W1jLSp,A6JEvOx1Lpj5qQgiy0_R-,iCNlS2qEpzYWEes1RTf-D
kYiAYKfppxHQ0d2W1jLSp,dSHOxE86nkbGafajdd1ew,iCNlS2qEpzYWEes1RTf-D
ic_g-DZTYDApZR_v7Cdcy,Fv76FHJw6xEfMDZfRd0uv,iCNlS2qEpzYWEes1RTf-D
_zR19hEST16-OJNP7ZvOM,Fv76FHJw6xEfMDZfRd0uv,iCNlS2qEpzYWEes1RTf-D
_zR19hEST16-OJNP7ZvOM,_6cIk1pH24n6nmJ5sI6Ar,iCNlS2qEpzYWEes1RTf-D
7C_eVnz1U9KIjMIPKoXTF,gW4A4-tVeA0e0YrSsYLqX,iCNlS2qEpzYWEes1RTf-D
ic_g-DZTYDApZR_v7Cdcy,Lo98nXz8eCj624qfhyfMd,iCNlS2qEpzYWEes1RTf-D
7C_eVnz1U9KIjMIPKoXTF,Lo98nXz8eCj624qfhyfMd,iCNlS2qEpzYWEes1RTf-D
ic_g-DZTYDApZR_v7Cdcy,Wh3BGUvDYTfCdTKsUm4aw,iCNlS2qEpzYWEes1RTf-D
7C_eVnz1U9KIjMIPKoXTF,02kEEyJGmES9OjXXAkyBA,iCNlS2qEpzYWEes1RTf-D
7C_eVnz1U9KIjMIPKoXTF,SihBUomWCf-ksK8hBvy6p,iCNlS2qEpzYWEes1RTf-D
7C_eVnz1U9KIjMIPKoXTF,AuiUsUv4Q9XFVqfbGlx9U,iCNlS2qEpzYWEes1RTf-D
7C_eVnz1U9KIjMIPKoXTF,GUIB-n9eAZy82_FZ_c2Ww,iCNlS2qEpzYWEes1RTf-D
7C_eVnz1U9KIjMIPKoXTF,HEQKdh59ynsn-lscZfHAr,iCNlS2qEpzYWEes1RTf-D
7C_eVnz1U9KIjMIPKoXTF,Ug-22TAa01jHLgsN5C_4B,iCNlS2qEpzYWEes1RTf-D
_zR19hEST16-OJNP7ZvOM,Aoa5PXN4vkXX5z_Wb9M5W,iCNlS2qEpzYWEes1RTf-D
kYiAYKfppxHQ0d2W1jLSp,WnlHcMY3_QYYPJYKfvLOZ,iCNlS2qEpzYWEes1RTf-D
_zR19hEST16-OJNP7ZvOM,1M1sj4szpJElpkdR4Wo0F,iCNlS2qEpzYWEes1RTf-D
_zR19hEST16-OJNP7ZvOM,cwteAankkXYTAV4nfFi5S,iCNlS2qEpzYWEes1RTf-D
_zR19hEST16-OJNP7ZvOM,V3uumaQ83jP-yQAPkxUyc,iCNlS2qEpzYWEes1RTf-D
_zR19hEST16-OJNP7ZvOM,U5pWKpe7w-EekKWr7e2VZ,iCNlS2qEpzYWEes1RTf-D
RrCoQX185mFruFd__iRxi,GInRIPj0w4RGU9O5LZylY,iCNlS2qEpzYWEes1RTf-D
_zR19hEST16-OJNP7ZvOM,-qM7gov1mBTYHPBpDoq2e,iCNlS2qEpzYWEes1RTf-D
lBKeew-TH9Q1xk7a31D-B,JMNwL7DMGjz9qr2Xy9cxn,iCNlS2qEpzYWEes1RTf-D
_zR19hEST16-OJNP7ZvOM,JMNwL7DMGjz9qr2Xy9cxn,iCNlS2qEpzYWEes1RTf-D
ic_g-DZTYDApZR_v7Cdcy,nwQPt2rxZRrSXCFAWYABs,iCNlS2qEpzYWEes1RTf-D
_zR19hEST16-OJNP7ZvOM,nwQPt2rxZRrSXCFAWYABs,iCNlS2qEpzYWEes1RTf-D
RrCoQX185mFruFd__iRxi,5j1c8cgCbdgbXQ9WwZfht,iCNlS2qEpzYWEes1RTf-D
O7X5bSqpNXbqa59XH4PC5,NVKnZm0EqOibdtJUTUzvk,iCNlS2qEpzYWEes1RTf-D
BAmj4o_MMK6jQtdIWu0dl,NVKnZm0EqOibdtJUTUzvk,iCNlS2qEpzYWEes1RTf-D
_zR19hEST16-OJNP7ZvOM,NVKnZm0EqOibdtJUTUzvk,iCNlS2qEpzYWEes1RTf-D
O7X5bSqpNXbqa59XH4PC5,HE7AguYesQrepmpLZXU90,iCNlS2qEpzYWEes1RTf-D
_zR19hEST16-OJNP7ZvOM,K9bUxS6ifgHMMA3zpkldG,iCNlS2qEpzYWEes1RTf-D
_zR19hEST16-OJNP7ZvOM,v5A83jMmbjIminWCA9I9U,iCNlS2qEpzYWEes1RTf-D
_zR19hEST16-OJNP7ZvOM,a7fP1sZUkwWCBki6j7WRe,iCNlS2qEpzYWEes1RTf-D
_zR19hEST16-OJNP7ZvOM,THQZZNKQcXBKWFHL_cis7,iCNlS2qEpzYWEes1RTf-D
ic_g-DZTYDApZR_v7Cdcy,jJd3-dXu2nheL40kaBR3x,iCNlS2qEpzYWEes1RTf-D
O7X5bSqpNXbqa59XH4PC5,jJd3-dXu2nheL40kaBR3x,iCNlS2qEpzYWEes1RTf-D
kYiAYKfppxHQ0d2W1jLSp,jJd3-dXu2nheL40kaBR3x,iCNlS2qEpzYWEes1RTf-D
_zR19hEST16-OJNP7ZvOM,X3l7WaurF55GePP0sLJmh,iCNlS2qEpzYWEes1RTf-D
kYiAYKfppxHQ0d2W1jLSp,rdusQ_QfKBY14U2RAr04X,iCNlS2qEpzYWEes1RTf-D
_zR19hEST16-OJNP7ZvOM,H1CChLY9exEX7igHpZMaX,iCNlS2qEpzYWEes1RTf-D
_zR19hEST16-OJNP7ZvOM,waY6st2l7-J3GW0mawypv,iCNlS2qEpzYWEes1RTf-D
_zR19hEST16-OJNP7ZvOM,Yfoz9WZxoQFBshtfKs-0g,iCNlS2qEpzYWEes1RTf-D
kYiAYKfppxHQ0d2W1jLSp,0PGwUHDk4LqigVDlDaMJd,iCNlS2qEpzYWEes1RTf-D
_zR19hEST16-OJNP7ZvOM,zWTHSpDpcGeNMapE40Id6,iCNlS2qEpzYWEes1RTf-D
kYiAYKfppxHQ0d2W1jLSp,zaQ1rxulr8tkM_dbmpq6H,iCNlS2qEpzYWEes1RTf-D
_zR19hEST16-OJNP7ZvOM,reOMvq5qspEnL3yYyrswb,iCNlS2qEpzYWEes1RTf-D
_zR19hEST16-OJNP7ZvOM,v2ed6dz-Na0p9ZmloZBir,iCNlS2qEpzYWEes1RTf-D
_zR19hEST16-OJNP7ZvOM,u-lfNFiLXJRj2_E5XmoLk,iCNlS2qEpzYWEes1RTf-D
kYiAYKfppxHQ0d2W1jLSp,jevoTlhabxVRkXuDbPVjK,iCNlS2qEpzYWEes1RTf-D
kYiAYKfppxHQ0d2W1jLSp,nX6Ty8TT2ggpam2E1pqad,iCNlS2qEpzYWEes1RTf-D
_zR19hEST16-OJNP7ZvOM,eLdyfZP3th1jJmzZxS_R-,iCNlS2qEpzYWEes1RTf-D
RrCoQX185mFruFd__iRxi,RWM0Ij3ALI6mTA5l7At0A,iCNlS2qEpzYWEes1RTf-D
8I74WymPStQmYR5qH0qhL,dIUIl0AyAS099CO8M-a1o,iCNlS2qEpzYWEes1RTf-D
YF4G744_sJxg1hbAA1k4X,dIUIl0AyAS099CO8M-a1o,iCNlS2qEpzYWEes1RTf-D
_zR19hEST16-OJNP7ZvOM,dIUIl0AyAS099CO8M-a1o,iCNlS2qEpzYWEes1RTf-D
RrCoQX185mFruFd__iRxi,GcG6tP5TSs9Sg6YaQElnO,iCNlS2qEpzYWEes1RTf-D
YF4G744_sJxg1hbAA1k4X,pZ11EgiQRZFsu-WEK6Det,iCNlS2qEpzYWEes1RTf-D
O7X5bSqpNXbqa59XH4PC5,pZ11EgiQRZFsu-WEK6Det,iCNlS2qEpzYWEes1RTf-D
kYiAYKfppxHQ0d2W1jLSp,pZ11EgiQRZFsu-WEK6Det,iCNlS2qEpzYWEes1RTf-D
HyxMx-13tDaRyOXecI6Rz,GVkdnxtXN2bBzlaZsLG_v,iCNlS2qEpzYWEes1RTf-D
_zR19hEST16-OJNP7ZvOM,AHrj7iDzz_Vo8YRsq8uz4,iCNlS2qEpzYWEes1RTf-D
_zR19hEST16-OJNP7ZvOM,8yCQ65_2H0D80hgfMlZHc,iCNlS2qEpzYWEes1RTf-D
HyxMx-13tDaRyOXecI6Rz,wcchWo_CFGlyYnr8yB2u1,iCNlS2qEpzYWEes1RTf-D
_zR19hEST16-OJNP7ZvOM,wcchWo_CFGlyYnr8yB2u1,iCNlS2qEpzYWEes1RTf-D
_zR19hEST16-OJNP7ZvOM,CNaWciBKu4nMCavPO4Ldo,iCNlS2qEpzYWEes1RTf-D
_zR19hEST16-OJNP7ZvOM,kwDP0tjSPolsKWaaVS4eR,iCNlS2qEpzYWEes1RTf-D
_zR19hEST16-OJNP7ZvOM,YGeybqYWwm2-fg0bFkUin,iCNlS2qEpzYWEes1RTf-D
_zR19hEST16-OJNP7ZvOM,sCJlnWxTWTQ7eH7lAgJiZ,iCNlS2qEpzYWEes1RTf-D
HyxMx-13tDaRyOXecI6Rz,Uupa3zHa0DwmPYHxqCUk6,iCNlS2qEpzYWEes1RTf-D
_zR19hEST16-OJNP7ZvOM,Uupa3zHa0DwmPYHxqCUk6,iCNlS2qEpzYWEes1RTf-D
_zR19hEST16-OJNP7ZvOM,HqZr5_QRlbydvzDlXVSxD,iCNlS2qEpzYWEes1RTf-D
_zR19hEST16-OJNP7ZvOM,7SOdJwXzzf4JBDHBd_aBc,iCNlS2qEpzYWEes1RTf-D
_zR19hEST16-OJNP7ZvOM,goP7mmTOY5qoIHaUNC8V4,iCNlS2qEpzYWEes1RTf-D
_zR19hEST16-OJNP7ZvOM,CAWmB8ZfnsGYd2xF51NGc,iCNlS2qEpzYWEes1RTf-D
_zR19hEST16-OJNP7ZvOM,RoWgbnz3DPcuui1NG_5cG,iCNlS2qEpzYWEes1RTf-D
_zR19hEST16-OJNP7ZvOM,Q5avePCIp2219ZVlJ52Jj,iCNlS2qEpzYWEes1RTf-D
_zR19hEST16-OJNP7ZvOM,p4FPenwGPjcMXlbU9Y70i,iCNlS2qEpzYWEes1RTf-D
_zR19hEST16-OJNP7ZvOM,PG_082z3sXSzgke7wIADG,iCNlS2qEpzYWEes1RTf-D
_zR19hEST16-OJNP7ZvOM,Hu_H_-IzMPB5qZXo8SvN7,iCNlS2qEpzYWEes1RTf-D
MxDn4Cvh11ZXJYOZkjYjJ,hsr9sWG_TMiESLo9gCCxr,iCNlS2qEpzYWEes1RTf-D
_zR19hEST16-OJNP7ZvOM,hsr9sWG_TMiESLo9gCCxr,iCNlS2qEpzYWEes1RTf-D
MxDn4Cvh11ZXJYOZkjYjJ,D4sNwXulmL2z6gSqgzc7d,iCNlS2qEpzYWEes1RTf-D
_zR19hEST16-OJNP7ZvOM,D4sNwXulmL2z6gSqgzc7d,iCNlS2qEpzYWEes1RTf-D
_zR19hEST16-OJNP7ZvOM,-f91Mdf0XQuX8XPPi9swV,iCNlS2qEpzYWEes1RTf-D
_zR19hEST16-OJNP7ZvOM,56TpUjT6eLFKe2Of8w5_t,iCNlS2qEpzYWEes1RTf-D
8OkXGU7cv0xbt824RMTKb,56TpUjT6eLFKe2Of8w5_t,iCNlS2qEpzYWEes1RTf-D
kYiAYKfppxHQ0d2W1jLSp,pkY5VRD91YWXX0AYIT8Qt,iCNlS2qEpzYWEes1RTf-D
_zR19hEST16-OJNP7ZvOM,pkY5VRD91YWXX0AYIT8Qt,iCNlS2qEpzYWEes1RTf-D
8OkXGU7cv0xbt824RMTKb,pkY5VRD91YWXX0AYIT8Qt,iCNlS2qEpzYWEes1RTf-D
MxDn4Cvh11ZXJYOZkjYjJ,qyhnHQo5MX_O15GeAOoEY,iCNlS2qEpzYWEes1RTf-D
kYiAYKfppxHQ0d2W1jLSp,qyhnHQo5MX_O15GeAOoEY,iCNlS2qEpzYWEes1RTf-D
MxDn4Cvh11ZXJYOZkjYjJ,O_X2gNFEjvX4_m8Sh0jA0,iCNlS2qEpzYWEes1RTf-D
_zR19hEST16-OJNP7ZvOM,O_X2gNFEjvX4_m8Sh0jA0,iCNlS2qEpzYWEes1RTf-D
_zR19hEST16-OJNP7ZvOM,wFOe5fd5CIwU46Pggrsoy,iCNlS2qEpzYWEes1RTf-D
MxDn4Cvh11ZXJYOZkjYjJ,2RTqHBMvaOHkcq5Ldv_0q,iCNlS2qEpzYWEes1RTf-D
_zR19hEST16-OJNP7ZvOM,vc6NI-cMUz74BXqgBTqLb,iCNlS2qEpzYWEes1RTf-D
MxDn4Cvh11ZXJYOZkjYjJ,Qrjv44_PJ1zw2-Ly9kGuH,iCNlS2qEpzYWEes1RTf-D
MxDn4Cvh11ZXJYOZkjYjJ,vUZmerDq0nELFiwd8bHnP,iCNlS2qEpzYWEes1RTf-D
_zR19hEST16-OJNP7ZvOM,vUZmerDq0nELFiwd8bHnP,iCNlS2qEpzYWEes1RTf-D
_zR19hEST16-OJNP7ZvOM,Z4cdvgUqkwEMoHFYxCh24,iCNlS2qEpzYWEes1RTf-D
8OkXGU7cv0xbt824RMTKb,Z4cdvgUqkwEMoHFYxCh24,iCNlS2qEpzYWEes1RTf-D
ic_g-DZTYDApZR_v7Cdcy,snYqI7sUWdElbDgtcgl34,iCNlS2qEpzYWEes1RTf-D
MxDn4Cvh11ZXJYOZkjYjJ,snYqI7sUWdElbDgtcgl34,iCNlS2qEpzYWEes1RTf-D
_zR19hEST16-OJNP7ZvOM,Xmx8XDTXi9lXAyI-ShBNw,iCNlS2qEpzYWEes1RTf-D
_zR19hEST16-OJNP7ZvOM,QE2eFvZrV3g9bN9hUzalE,iCNlS2qEpzYWEes1RTf-D
MxDn4Cvh11ZXJYOZkjYjJ,SlRUkfYdFGClrDSOh_4e6,iCNlS2qEpzYWEes1RTf-D
_zR19hEST16-OJNP7ZvOM,SlRUkfYdFGClrDSOh_4e6,iCNlS2qEpzYWEes1RTf-D
kYiAYKfppxHQ0d2W1jLSp,MZwjPkwQNzpkrw57gVWcr,iCNlS2qEpzYWEes1RTf-D
_zR19hEST16-OJNP7ZvOM,MZwjPkwQNzpkrw57gVWcr,iCNlS2qEpzYWEes1RTf-D
_zR19hEST16-OJNP7ZvOM,6EhERUKvk2Az2oQwoSAt9,iCNlS2qEpzYWEes1RTf-D
MxDn4Cvh11ZXJYOZkjYjJ,zc-cGtvCOmXYIHUJrKSqN,iCNlS2qEpzYWEes1RTf-D
kYiAYKfppxHQ0d2W1jLSp,FXgRjIRgQbxf3BvxuWL9M,iCNlS2qEpzYWEes1RTf-D
_zR19hEST16-OJNP7ZvOM,859py59MYOCv4BPBfdL_y,iCNlS2qEpzYWEes1RTf-D
kYiAYKfppxHQ0d2W1jLSp,mJaf2zc-fsrE0k_C_bgh0,iCNlS2qEpzYWEes1RTf-D
8OkXGU7cv0xbt824RMTKb,mJaf2zc-fsrE0k_C_bgh0,iCNlS2qEpzYWEes1RTf-D
kYiAYKfppxHQ0d2W1jLSp,kFxkx4JRIedt24BpowFC3,iCNlS2qEpzYWEes1RTf-D
8OkXGU7cv0xbt824RMTKb,kFxkx4JRIedt24BpowFC3,iCNlS2qEpzYWEes1RTf-D
_zR19hEST16-OJNP7ZvOM,YT4h9n3H_ZNrOuiHYlmoA,iCNlS2qEpzYWEes1RTf-D
_zR19hEST16-OJNP7ZvOM,vSSKL90GWgRgqFRVAbk6F,iCNlS2qEpzYWEes1RTf-D
MxDn4Cvh11ZXJYOZkjYjJ,qR--IkCBAIebGeeZi8FGx,iCNlS2qEpzYWEes1RTf-D
kYiAYKfppxHQ0d2W1jLSp,qR--IkCBAIebGeeZi8FGx,iCNlS2qEpzYWEes1RTf-D
_zR19hEST16-OJNP7ZvOM,qR--IkCBAIebGeeZi8FGx,iCNlS2qEpzYWEes1RTf-D
_zR19hEST16-OJNP7ZvOM,q7joMFz9UkevLyWkubjC2,iCNlS2qEpzYWEes1RTf-D
_zR19hEST16-OJNP7ZvOM,9LHQncTcD5cVGrQMf7jAS,iCNlS2qEpzYWEes1RTf-D
kYiAYKfppxHQ0d2W1jLSp,fQ5N6benWwiTYuaktIhXi,iCNlS2qEpzYWEes1RTf-D
csY1AZ2pGANQoTsCvqjfE,fQ5N6benWwiTYuaktIhXi,iCNlS2qEpzYWEes1RTf-D
LGBpCgpufXn2VLmVjscEl,ZeDD9LTgg6J2cxLhfU1nM,iCNlS2qEpzYWEes1RTf-D
kYiAYKfppxHQ0d2W1jLSp,ZeDD9LTgg6J2cxLhfU1nM,iCNlS2qEpzYWEes1RTf-D
_zR19hEST16-OJNP7ZvOM,iJXY0shOGBxog0PBYWe_T,iCNlS2qEpzYWEes1RTf-D
_zR19hEST16-OJNP7ZvOM,nmXzY4Jjr9jGDde0PxxKE,iCNlS2qEpzYWEes1RTf-D
_zR19hEST16-OJNP7ZvOM,B6Jpm-sbLu8QN8s2qZ-ky,iCNlS2qEpzYWEes1RTf-D
MxDn4Cvh11ZXJYOZkjYjJ,Va0Urkmmr0hvVdA1KlEBV,iCNlS2qEpzYWEes1RTf-D
_zR19hEST16-OJNP7ZvOM,Va0Urkmmr0hvVdA1KlEBV,iCNlS2qEpzYWEes1RTf-D
MxDn4Cvh11ZXJYOZkjYjJ,M8mfjAnsA7XC4SkPHC1U1,iCNlS2qEpzYWEes1RTf-D
_zR19hEST16-OJNP7ZvOM,M8mfjAnsA7XC4SkPHC1U1,iCNlS2qEpzYWEes1RTf-D
_zR19hEST16-OJNP7ZvOM,do7taZKLKim7p5sYVjGyS,iCNlS2qEpzYWEes1RTf-D
kYiAYKfppxHQ0d2W1jLSp,M7AYjBEI0o2ou09qiMklf,iCNlS2qEpzYWEes1RTf-D
_zR19hEST16-OJNP7ZvOM,57nIwlDl07Mr-chY_7mTH,iCNlS2qEpzYWEes1RTf-D
_zR19hEST16-OJNP7ZvOM,z3aUW9wgfF6fcsEfiy-Ut,iCNlS2qEpzYWEes1RTf-D
MxDn4Cvh11ZXJYOZkjYjJ,ooi7QtL1QIEfDAg7fJ2Ll,iCNlS2qEpzYWEes1RTf-D
kYiAYKfppxHQ0d2W1jLSp,ooi7QtL1QIEfDAg7fJ2Ll,iCNlS2qEpzYWEes1RTf-D
_zR19hEST16-OJNP7ZvOM,N_zoG-OQkTLODLx233FoP,iCNlS2qEpzYWEes1RTf-D
_zR19hEST16-OJNP7ZvOM,vQ_s0b4lFLLy1kXejIR1p,iCNlS2qEpzYWEes1RTf-D
MxDn4Cvh11ZXJYOZkjYjJ,gtWogKNQPlYZgWawayx1V,iCNlS2qEpzYWEes1RTf-D
csY1AZ2pGANQoTsCvqjfE,gtWogKNQPlYZgWawayx1V,iCNlS2qEpzYWEes1RTf-D
MxDn4Cvh11ZXJYOZkjYjJ,txL1WKD6dr9TjTsDuUu8D,iCNlS2qEpzYWEes1RTf-D
_zR19hEST16-OJNP7ZvOM,txL1WKD6dr9TjTsDuUu8D,iCNlS2qEpzYWEes1RTf-D
_zR19hEST16-OJNP7ZvOM,QuEOZYMU6SWNxI6IVXMAK,iCNlS2qEpzYWEes1RTf-D
_zR19hEST16-OJNP7ZvOM,ltLoJ9hPd_fHUh4SsnySd,iCNlS2qEpzYWEes1RTf-D
csY1AZ2pGANQoTsCvqjfE,4o--59eZVIs9CbHfxg-GE,iCNlS2qEpzYWEes1RTf-D
csY1AZ2pGANQoTsCvqjfE,CpF_xfi0giKHoUucp8a6E,iCNlS2qEpzYWEes1RTf-D
csY1AZ2pGANQoTsCvqjfE,-aHMbMcRa-52TSNraxxyB,iCNlS2qEpzYWEes1RTf-D
_zR19hEST16-OJNP7ZvOM,j7YYm4ELeHkMM-t3H5NsV,iCNlS2qEpzYWEes1RTf-D
MxDn4Cvh11ZXJYOZkjYjJ,UC7o_pd6dFhaIb8qoDGtK,iCNlS2qEpzYWEes1RTf-D
_zR19hEST16-OJNP7ZvOM,UC7o_pd6dFhaIb8qoDGtK,iCNlS2qEpzYWEes1RTf-D
_zR19hEST16-OJNP7ZvOM,TBUpMPVad3qM1Cy8nJRbc,iCNlS2qEpzYWEes1RTf-D
_zR19hEST16-OJNP7ZvOM,Ti6CuXTnxrY_W_f1iev_r,iCNlS2qEpzYWEes1RTf-D
_zR19hEST16-OJNP7ZvOM,eT2QXxyPgBpJ2mvKe9OVx,iCNlS2qEpzYWEes1RTf-D
_zR19hEST16-OJNP7ZvOM,MsrceOpfLM_rpGQw44AfK,iCNlS2qEpzYWEes1RTf-D
_zR19hEST16-OJNP7ZvOM,Ry3LRznUiySX-I4N1j3N6,iCNlS2qEpzYWEes1RTf-D
_zR19hEST16-OJNP7ZvOM,yQ24dH-V3rH-JjZwiSW1i,iCNlS2qEpzYWEes1RTf-D
MxDn4Cvh11ZXJYOZkjYjJ,NtisAKbNZloKdZCHzXArH,iCNlS2qEpzYWEes1RTf-D
_zR19hEST16-OJNP7ZvOM,NtisAKbNZloKdZCHzXArH,iCNlS2qEpzYWEes1RTf-D
_zR19hEST16-OJNP7ZvOM,Z_tpv354erVHGRnAf0gJP,iCNlS2qEpzYWEes1RTf-D
_zR19hEST16-OJNP7ZvOM,xAyzOlNdHfgU_sYkdnn3x,iCNlS2qEpzYWEes1RTf-D
_zR19hEST16-OJNP7ZvOM,YgP3SDin9RCwKKPW3ZYpO,iCNlS2qEpzYWEes1RTf-D
_zR19hEST16-OJNP7ZvOM,vkpq6VNfOq-R1mUng83op,iCNlS2qEpzYWEes1RTf-D
_zR19hEST16-OJNP7ZvOM,T-R-nI4O6wERQ4AWJZNXT,iCNlS2qEpzYWEes1RTf-D
_zR19hEST16-OJNP7ZvOM,7m5jBEv2Sn9XycVaM1q4Y,iCNlS2qEpzYWEes1RTf-D
MxDn4Cvh11ZXJYOZkjYjJ,I6hEvwp3lwm2b4b5jKcIq,iCNlS2qEpzYWEes1RTf-D
_zR19hEST16-OJNP7ZvOM,I6hEvwp3lwm2b4b5jKcIq,iCNlS2qEpzYWEes1RTf-D
_zR19hEST16-OJNP7ZvOM,xyodnAzeq9SWhWNH1-fIS,iCNlS2qEpzYWEes1RTf-D
_zR19hEST16-OJNP7ZvOM,3TUoja2DXvYmP8eVqn0cm,iCNlS2qEpzYWEes1RTf-D
MxDn4Cvh11ZXJYOZkjYjJ,Tckft3fqCqXBy9sTzI0F_,iCNlS2qEpzYWEes1RTf-D
_zR19hEST16-OJNP7ZvOM,Tckft3fqCqXBy9sTzI0F_,iCNlS2qEpzYWEes1RTf-D
_zR19hEST16-OJNP7ZvOM,0H56vEPUUuZSGUl-RzKYv,iCNlS2qEpzYWEes1RTf-D
kYiAYKfppxHQ0d2W1jLSp,SNR_aE9fn7b5Wzpn0-Qmb,iCNlS2qEpzYWEes1RTf-D
MxDn4Cvh11ZXJYOZkjYjJ,OGe1tnwdeE_3IYZKNqE-i,iCNlS2qEpzYWEes1RTf-D
_zR19hEST16-OJNP7ZvOM,OGe1tnwdeE_3IYZKNqE-i,iCNlS2qEpzYWEes1RTf-D
wShxvytCUdKTRCFsKsdtl,OGe1tnwdeE_3IYZKNqE-i,iCNlS2qEpzYWEes1RTf-D
_zR19hEST16-OJNP7ZvOM,p7wxY5YNUecj_HG39MVYl,iCNlS2qEpzYWEes1RTf-D
O7X5bSqpNXbqa59XH4PC5,A8IJYzC_gzC6ejrn1RFKv,iCNlS2qEpzYWEes1RTf-D
kYiAYKfppxHQ0d2W1jLSp,A8IJYzC_gzC6ejrn1RFKv,iCNlS2qEpzYWEes1RTf-D
MxDn4Cvh11ZXJYOZkjYjJ,wBXewIj2c81V7yXL_eWa2,iCNlS2qEpzYWEes1RTf-D
_zR19hEST16-OJNP7ZvOM,wBXewIj2c81V7yXL_eWa2,iCNlS2qEpzYWEes1RTf-D
wShxvytCUdKTRCFsKsdtl,wBXewIj2c81V7yXL_eWa2,iCNlS2qEpzYWEes1RTf-D
_zR19hEST16-OJNP7ZvOM,4d-w78fngkUNR2nd284MI,iCNlS2qEpzYWEes1RTf-D
iRywMhC1XGIlxM79HoWZS,4d-w78fngkUNR2nd284MI,iCNlS2qEpzYWEes1RTf-D
_zR19hEST16-OJNP7ZvOM,CaK0J5eeX10pPH0LmvND6,iCNlS2qEpzYWEes1RTf-D
_zR19hEST16-OJNP7ZvOM,h_P5TxjqbvTCfqnduTxlm,iCNlS2qEpzYWEes1RTf-D
wShxvytCUdKTRCFsKsdtl,h_P5TxjqbvTCfqnduTxlm,iCNlS2qEpzYWEes1RTf-D
_zR19hEST16-OJNP7ZvOM,CmTCA2KniOlv8idFsiTbP,iCNlS2qEpzYWEes1RTf-D
O-TOAWhGViF_orT6LUAeJ,WDpWkLYwqh5-ivAe6JUB6,iCNlS2qEpzYWEes1RTf-D
kYiAYKfppxHQ0d2W1jLSp,WDpWkLYwqh5-ivAe6JUB6,iCNlS2qEpzYWEes1RTf-D
_zR19hEST16-OJNP7ZvOM,U9L_QRq8r0p27ZcMYlQ7H,iCNlS2qEpzYWEes1RTf-D
iRywMhC1XGIlxM79HoWZS,U9L_QRq8r0p27ZcMYlQ7H,iCNlS2qEpzYWEes1RTf-D
MxDn4Cvh11ZXJYOZkjYjJ,D1hkYdF4W_e2afBO8Sq36,iCNlS2qEpzYWEes1RTf-D
_zR19hEST16-OJNP7ZvOM,D1hkYdF4W_e2afBO8Sq36,iCNlS2qEpzYWEes1RTf-D
iRywMhC1XGIlxM79HoWZS,D1hkYdF4W_e2afBO8Sq36,iCNlS2qEpzYWEes1RTf-D
_zR19hEST16-OJNP7ZvOM,PYfC_yMiXwWgXzO2V0ncZ,iCNlS2qEpzYWEes1RTf-D
LGBpCgpufXn2VLmVjscEl,dYjfk3Efw8tZFr_fc7K9y,iCNlS2qEpzYWEes1RTf-D
kYiAYKfppxHQ0d2W1jLSp,dYjfk3Efw8tZFr_fc7K9y,iCNlS2qEpzYWEes1RTf-D
_zR19hEST16-OJNP7ZvOM,NFSnRiWXM86tpWC35kIut,iCNlS2qEpzYWEes1RTf-D
wShxvytCUdKTRCFsKsdtl,NFSnRiWXM86tpWC35kIut,iCNlS2qEpzYWEes1RTf-D
MxDn4Cvh11ZXJYOZkjYjJ,0K2fsQ-qp2Q1Uk5oltpM9,iCNlS2qEpzYWEes1RTf-D
_zR19hEST16-OJNP7ZvOM,0K2fsQ-qp2Q1Uk5oltpM9,iCNlS2qEpzYWEes1RTf-D
_zR19hEST16-OJNP7ZvOM,cdWsuUKZ5sgu9TahRetSK,iCNlS2qEpzYWEes1RTf-D
wShxvytCUdKTRCFsKsdtl,cdWsuUKZ5sgu9TahRetSK,iCNlS2qEpzYWEes1RTf-D
MxDn4Cvh11ZXJYOZkjYjJ,YIfRqAwXdGv8V_ZB99s_5,iCNlS2qEpzYWEes1RTf-D
_zR19hEST16-OJNP7ZvOM,YIfRqAwXdGv8V_ZB99s_5,iCNlS2qEpzYWEes1RTf-D
wShxvytCUdKTRCFsKsdtl,YIfRqAwXdGv8V_ZB99s_5,iCNlS2qEpzYWEes1RTf-D
_zR19hEST16-OJNP7ZvOM,bu5Gu8BI5Izq-DNSjvZVG,iCNlS2qEpzYWEes1RTf-D
iRywMhC1XGIlxM79HoWZS,bu5Gu8BI5Izq-DNSjvZVG,iCNlS2qEpzYWEes1RTf-D
MxDn4Cvh11ZXJYOZkjYjJ,eQvf5NTwA7IrQ5Lm2Raps,iCNlS2qEpzYWEes1RTf-D
_zR19hEST16-OJNP7ZvOM,eQvf5NTwA7IrQ5Lm2Raps,iCNlS2qEpzYWEes1RTf-D
iRywMhC1XGIlxM79HoWZS,eQvf5NTwA7IrQ5Lm2Raps,iCNlS2qEpzYWEes1RTf-D
MxDn4Cvh11ZXJYOZkjYjJ,w5UIbcmzHvudFnxpX3lk0,iCNlS2qEpzYWEes1RTf-D
_zR19hEST16-OJNP7ZvOM,w5UIbcmzHvudFnxpX3lk0,iCNlS2qEpzYWEes1RTf-D
iRywMhC1XGIlxM79HoWZS,w5UIbcmzHvudFnxpX3lk0,iCNlS2qEpzYWEes1RTf-D
MxDn4Cvh11ZXJYOZkjYjJ,9-3eWCzqz3iLkO1e4YdZP,iCNlS2qEpzYWEes1RTf-D
_zR19hEST16-OJNP7ZvOM,9-3eWCzqz3iLkO1e4YdZP,iCNlS2qEpzYWEes1RTf-D
_zR19hEST16-OJNP7ZvOM,c5nwL8-1RIOtD-7nhZ8K9,iCNlS2qEpzYWEes1RTf-D
kYiAYKfppxHQ0d2W1jLSp,_fpBn8QYuLRZ9OBSXWf15,iCNlS2qEpzYWEes1RTf-D
_zR19hEST16-OJNP7ZvOM,VAL6IFc07pvHccWmY00pg,iCNlS2qEpzYWEes1RTf-D
_zR19hEST16-OJNP7ZvOM,kEj282IgquWxEIwD1U_p1,iCNlS2qEpzYWEes1RTf-D
_zR19hEST16-OJNP7ZvOM,znyGxse2L5-lR5-NUrixH,iCNlS2qEpzYWEes1RTf-D
MxDn4Cvh11ZXJYOZkjYjJ,kYQF1eM1NXqzSISKYjoU5,iCNlS2qEpzYWEes1RTf-D
_zR19hEST16-OJNP7ZvOM,kYQF1eM1NXqzSISKYjoU5,iCNlS2qEpzYWEes1RTf-D
MxDn4Cvh11ZXJYOZkjYjJ,Nx3NmxamoB7soTtyMrcfE,iCNlS2qEpzYWEes1RTf-D
_zR19hEST16-OJNP7ZvOM,Nx3NmxamoB7soTtyMrcfE,iCNlS2qEpzYWEes1RTf-D
iRywMhC1XGIlxM79HoWZS,Nx3NmxamoB7soTtyMrcfE,iCNlS2qEpzYWEes1RTf-D
wShxvytCUdKTRCFsKsdtl,Nx3NmxamoB7soTtyMrcfE,iCNlS2qEpzYWEes1RTf-D
_zR19hEST16-OJNP7ZvOM,VujlSbbYch9U_P1ZyauT8,iCNlS2qEpzYWEes1RTf-D
MxDn4Cvh11ZXJYOZkjYjJ,RK7GrOAKhl-bnUNbnWBRd,iCNlS2qEpzYWEes1RTf-D
_zR19hEST16-OJNP7ZvOM,RK7GrOAKhl-bnUNbnWBRd,iCNlS2qEpzYWEes1RTf-D
iRywMhC1XGIlxM79HoWZS,RK7GrOAKhl-bnUNbnWBRd,iCNlS2qEpzYWEes1RTf-D
kYiAYKfppxHQ0d2W1jLSp,jP6qsc8NaVub5KHv0GUS9,iCNlS2qEpzYWEes1RTf-D
_zR19hEST16-OJNP7ZvOM,UFJjZiGCSP8QdFMe_0t39,iCNlS2qEpzYWEes1RTf-D
iRywMhC1XGIlxM79HoWZS,UFJjZiGCSP8QdFMe_0t39,iCNlS2qEpzYWEes1RTf-D
_zR19hEST16-OJNP7ZvOM,xDzOur0W1r62K-h5A9wYX,iCNlS2qEpzYWEes1RTf-D
MxDn4Cvh11ZXJYOZkjYjJ,o3zV2bl5vZlygIoOV-ToO,iCNlS2qEpzYWEes1RTf-D
_zR19hEST16-OJNP7ZvOM,o3zV2bl5vZlygIoOV-ToO,iCNlS2qEpzYWEes1RTf-D
_zR19hEST16-OJNP7ZvOM,4q0T060LnThGKHr_XhvYt,iCNlS2qEpzYWEes1RTf-D
_zR19hEST16-OJNP7ZvOM,Fccuabzq0hVES_GDqKxEt,iCNlS2qEpzYWEes1RTf-D
_zR19hEST16-OJNP7ZvOM,2n0GzU5ohobtwhs6BHAiY,iCNlS2qEpzYWEes1RTf-D
_zR19hEST16-OJNP7ZvOM,0zTrvA-6aVO8eNdHBoW7G,iCNlS2qEpzYWEes1RTf-D
_zR19hEST16-OJNP7ZvOM,9YKMkEd9DAe2ZI1wV8MXb,iCNlS2qEpzYWEes1RTf-D
_zR19hEST16-OJNP7ZvOM,HBtkfiTiA7jZ9CSovC7br,iCNlS2qEpzYWEes1RTf-D
_zR19hEST16-OJNP7ZvOM,kN4pldCOlinyctlR_RjwJ,iCNlS2qEpzYWEes1RTf-D
_zR19hEST16-OJNP7ZvOM,D206pQI7AMjje3NeFWqDe,iCNlS2qEpzYWEes1RTf-D
YXyjN2MHhT5nCXLFkCRF3,BXhtvPNgBB250VJrX9Kwo,iCNlS2qEpzYWEes1RTf-D
kYiAYKfppxHQ0d2W1jLSp,BXhtvPNgBB250VJrX9Kwo,iCNlS2qEpzYWEes1RTf-D
YXyjN2MHhT5nCXLFkCRF3,gom9m84NHghSTKc_Qf9rt,iCNlS2qEpzYWEes1RTf-D
kYiAYKfppxHQ0d2W1jLSp,gom9m84NHghSTKc_Qf9rt,iCNlS2qEpzYWEes1RTf-D
kYiAYKfppxHQ0d2W1jLSp,JpaKRaTCbaBever3R1Ucc,iCNlS2qEpzYWEes1RTf-D
d24QQxjGQg_JIWxxtxjKN,sFlYUgbMsvKLkDgWkpjPb,iCNlS2qEpzYWEes1RTf-D
kYiAYKfppxHQ0d2W1jLSp,sFlYUgbMsvKLkDgWkpjPb,iCNlS2qEpzYWEes1RTf-D
d24QQxjGQg_JIWxxtxjKN,LmtZrao_3o2dE0DYKoXWB,iCNlS2qEpzYWEes1RTf-D
YXyjN2MHhT5nCXLFkCRF3,LmtZrao_3o2dE0DYKoXWB,iCNlS2qEpzYWEes1RTf-D
kYiAYKfppxHQ0d2W1jLSp,LmtZrao_3o2dE0DYKoXWB,iCNlS2qEpzYWEes1RTf-D
_zR19hEST16-OJNP7ZvOM,0SYi2rS6-eptSx9Jli9MG,iCNlS2qEpzYWEes1RTf-D
O-TOAWhGViF_orT6LUAeJ,t8TfRQn4UePo91vNUTSAl,iCNlS2qEpzYWEes1RTf-D
kYiAYKfppxHQ0d2W1jLSp,t8TfRQn4UePo91vNUTSAl,iCNlS2qEpzYWEes1RTf-D
YXyjN2MHhT5nCXLFkCRF3,66t0PwJqknQA_0wfSHwix,iCNlS2qEpzYWEes1RTf-D
kYiAYKfppxHQ0d2W1jLSp,66t0PwJqknQA_0wfSHwix,iCNlS2qEpzYWEes1RTf-D
_zR19hEST16-OJNP7ZvOM,0MqbIfE1OsaggQS9QCZSg,iCNlS2qEpzYWEes1RTf-D
_zR19hEST16-OJNP7ZvOM,mDWurE1JZULLC5izuPPy2,iCNlS2qEpzYWEes1RTf-D
MxDn4Cvh11ZXJYOZkjYjJ,TSwpUWX58yW4--9Q1HVmf,iCNlS2qEpzYWEes1RTf-D
_zR19hEST16-OJNP7ZvOM,TSwpUWX58yW4--9Q1HVmf,iCNlS2qEpzYWEes1RTf-D
iRywMhC1XGIlxM79HoWZS,TSwpUWX58yW4--9Q1HVmf,iCNlS2qEpzYWEes1RTf-D
MxDn4Cvh11ZXJYOZkjYjJ,cexhW1awUBKv-mrwl75H1,iCNlS2qEpzYWEes1RTf-D
_zR19hEST16-OJNP7ZvOM,cexhW1awUBKv-mrwl75H1,iCNlS2qEpzYWEes1RTf-D
iRywMhC1XGIlxM79HoWZS,cexhW1awUBKv-mrwl75H1,iCNlS2qEpzYWEes1RTf-D
_zR19hEST16-OJNP7ZvOM,G5xQd15DHqZMJI-6RpEOX,iCNlS2qEpzYWEes1RTf-D
_zR19hEST16-OJNP7ZvOM,PzmGfX0MN6GFIRq9XcrHC,iCNlS2qEpzYWEes1RTf-D
MxDn4Cvh11ZXJYOZkjYjJ,UCN2XOVUVt6_-_TR7gy2v,iCNlS2qEpzYWEes1RTf-D
_zR19hEST16-OJNP7ZvOM,UCN2XOVUVt6_-_TR7gy2v,iCNlS2qEpzYWEes1RTf-D
wShxvytCUdKTRCFsKsdtl,UCN2XOVUVt6_-_TR7gy2v,iCNlS2qEpzYWEes1RTf-D
_zR19hEST16-OJNP7ZvOM,uecSgZG32oJ3kDkz2FiVS,iCNlS2qEpzYWEes1RTf-D
iRywMhC1XGIlxM79HoWZS,uecSgZG32oJ3kDkz2FiVS,iCNlS2qEpzYWEes1RTf-D
_zR19hEST16-OJNP7ZvOM,ztk0bpSn6AslFHQ0vPusW,iCNlS2qEpzYWEes1RTf-D
iRywMhC1XGIlxM79HoWZS,ztk0bpSn6AslFHQ0vPusW,iCNlS2qEpzYWEes1RTf-D
YXyjN2MHhT5nCXLFkCRF3,Oi3tH-OXx2Xk1JttpznoR,iCNlS2qEpzYWEes1RTf-D
kYiAYKfppxHQ0d2W1jLSp,Oi3tH-OXx2Xk1JttpznoR,iCNlS2qEpzYWEes1RTf-D
YXyjN2MHhT5nCXLFkCRF3,QrofEPWhnJ6HON5bhFoS1,iCNlS2qEpzYWEes1RTf-D
kYiAYKfppxHQ0d2W1jLSp,QrofEPWhnJ6HON5bhFoS1,iCNlS2qEpzYWEes1RTf-D
kYiAYKfppxHQ0d2W1jLSp,6s2JjE0lB2jf1bKIR4mX6,iCNlS2qEpzYWEes1RTf-D
kYiAYKfppxHQ0d2W1jLSp,SvrP3QsvXKQLKTm7EQ20X,iCNlS2qEpzYWEes1RTf-D
O-TOAWhGViF_orT6LUAeJ,bRj2O2xT-_O_tF50pC1So,iCNlS2qEpzYWEes1RTf-D
kYiAYKfppxHQ0d2W1jLSp,bRj2O2xT-_O_tF50pC1So,iCNlS2qEpzYWEes1RTf-D
O-TOAWhGViF_orT6LUAeJ,4zSeBfb_JgIkGNOdXvZQs,iCNlS2qEpzYWEes1RTf-D
kYiAYKfppxHQ0d2W1jLSp,4zSeBfb_JgIkGNOdXvZQs,iCNlS2qEpzYWEes1RTf-D
O-TOAWhGViF_orT6LUAeJ,xmEjX4ev_l1sVcqZRLNOR,iCNlS2qEpzYWEes1RTf-D
kYiAYKfppxHQ0d2W1jLSp,xmEjX4ev_l1sVcqZRLNOR,iCNlS2qEpzYWEes1RTf-D
O-TOAWhGViF_orT6LUAeJ,X-TwNXBDwTeQB0Mav31bU,iCNlS2qEpzYWEes1RTf-D
kYiAYKfppxHQ0d2W1jLSp,X-TwNXBDwTeQB0Mav31bU,iCNlS2qEpzYWEes1RTf-D
kYiAYKfppxHQ0d2W1jLSp,uUS71yCwTy-mMs2Gs1Kp7,iCNlS2qEpzYWEes1RTf-D
MxDn4Cvh11ZXJYOZkjYjJ,lsleH54u3UHhe1yORfDs0,iCNlS2qEpzYWEes1RTf-D
_zR19hEST16-OJNP7ZvOM,lsleH54u3UHhe1yORfDs0,iCNlS2qEpzYWEes1RTf-D
iRywMhC1XGIlxM79HoWZS,lsleH54u3UHhe1yORfDs0,iCNlS2qEpzYWEes1RTf-D
kYiAYKfppxHQ0d2W1jLSp,ezbhPEJI1y-hMhjqjB4Yr,iCNlS2qEpzYWEes1RTf-D
_zR19hEST16-OJNP7ZvOM,FhcBxO3pSA8N_22_ekl-f,iCNlS2qEpzYWEes1RTf-D
O-TOAWhGViF_orT6LUAeJ,UQcxWkedGQT8ZMwmBMCCv,iCNlS2qEpzYWEes1RTf-D
kYiAYKfppxHQ0d2W1jLSp,UQcxWkedGQT8ZMwmBMCCv,iCNlS2qEpzYWEes1RTf-D
kYiAYKfppxHQ0d2W1jLSp,FoZDjD9_skSMC392IvUBH,iCNlS2qEpzYWEes1RTf-D
kYiAYKfppxHQ0d2W1jLSp,Ew5-8LTOhhub9yJ6SK9kR,iCNlS2qEpzYWEes1RTf-D
kYiAYKfppxHQ0d2W1jLSp,ZPt81ToAqtVOCfUGdOxje,iCNlS2qEpzYWEes1RTf-D
_zR19hEST16-OJNP7ZvOM,sOF6posuPS3lQ3-Y3WTYy,iCNlS2qEpzYWEes1RTf-D
HgsJeWYH-psK03VYxlxkn,sOF6posuPS3lQ3-Y3WTYy,iCNlS2qEpzYWEes1RTf-D
kYiAYKfppxHQ0d2W1jLSp,EpQ6oAOuDW6QCX5QtHBbk,iCNlS2qEpzYWEes1RTf-D
kYiAYKfppxHQ0d2W1jLSp,gigTXIcN8cXbUDQTEPn2r,iCNlS2qEpzYWEes1RTf-D
d24QQxjGQg_JIWxxtxjKN,AN6TTWBD46q_E1tCS4LyC,iCNlS2qEpzYWEes1RTf-D
kYiAYKfppxHQ0d2W1jLSp,AN6TTWBD46q_E1tCS4LyC,iCNlS2qEpzYWEes1RTf-D
LGBpCgpufXn2VLmVjscEl,NRrzGEnN_0Ya4PX8QKRqO,iCNlS2qEpzYWEes1RTf-D
kYiAYKfppxHQ0d2W1jLSp,NRrzGEnN_0Ya4PX8QKRqO,iCNlS2qEpzYWEes1RTf-D
kYiAYKfppxHQ0d2W1jLSp,R3o_bo6z1J9azyjTK7cHf,iCNlS2qEpzYWEes1RTf-D
kYiAYKfppxHQ0d2W1jLSp,W37d7VfBqh58X2Mdq71qw,iCNlS2qEpzYWEes1RTf-D
lBKeew-TH9Q1xk7a31D-B,4wBDlh9b774qfGD3pWe6d,iCNlS2qEpzYWEes1RTf-D
O-TOAWhGViF_orT6LUAeJ,4wBDlh9b774qfGD3pWe6d,iCNlS2qEpzYWEes1RTf-D
kYiAYKfppxHQ0d2W1jLSp,4wBDlh9b774qfGD3pWe6d,iCNlS2qEpzYWEes1RTf-D
_zR19hEST16-OJNP7ZvOM,yFQwxM7cOFO5508Fmjl1w,iCNlS2qEpzYWEes1RTf-D
O-TOAWhGViF_orT6LUAeJ,0MrPG9OT6P3cWTVT7hCL9,iCNlS2qEpzYWEes1RTf-D
kYiAYKfppxHQ0d2W1jLSp,0MrPG9OT6P3cWTVT7hCL9,iCNlS2qEpzYWEes1RTf-D
_zR19hEST16-OJNP7ZvOM,Ch_t1N6EnWEtPeiEpOPgR,iCNlS2qEpzYWEes1RTf-D
d24QQxjGQg_JIWxxtxjKN,wZ_Uj_yveXV11BiLu8wVB,iCNlS2qEpzYWEes1RTf-D
YXyjN2MHhT5nCXLFkCRF3,wZ_Uj_yveXV11BiLu8wVB,iCNlS2qEpzYWEes1RTf-D
kYiAYKfppxHQ0d2W1jLSp,wZ_Uj_yveXV11BiLu8wVB,iCNlS2qEpzYWEes1RTf-D
_zR19hEST16-OJNP7ZvOM,ciXzk53Xm-XiKsrpdr0yw,iCNlS2qEpzYWEes1RTf-D
O7X5bSqpNXbqa59XH4PC5,RssVf1DE2spPv8zN2vg5R,iCNlS2qEpzYWEes1RTf-D
d24QQxjGQg_JIWxxtxjKN,RssVf1DE2spPv8zN2vg5R,iCNlS2qEpzYWEes1RTf-D
kYiAYKfppxHQ0d2W1jLSp,RssVf1DE2spPv8zN2vg5R,iCNlS2qEpzYWEes1RTf-D
O-TOAWhGViF_orT6LUAeJ,Ohdwwu22-vX_ImbuTrFv3,iCNlS2qEpzYWEes1RTf-D
kYiAYKfppxHQ0d2W1jLSp,Ohdwwu22-vX_ImbuTrFv3,iCNlS2qEpzYWEes1RTf-D
8I74WymPStQmYR5qH0qhL,YcbGG99oyIW41HwRc09v5,iCNlS2qEpzYWEes1RTf-D
kYiAYKfppxHQ0d2W1jLSp,YcbGG99oyIW41HwRc09v5,iCNlS2qEpzYWEes1RTf-D
_zR19hEST16-OJNP7ZvOM,YcbGG99oyIW41HwRc09v5,iCNlS2qEpzYWEes1RTf-D
3TZzFMI-b6rhOmEMd6vva,YcbGG99oyIW41HwRc09v5,iCNlS2qEpzYWEes1RTf-D
8I74WymPStQmYR5qH0qhL,mrh64by3B9b6MRHbzkLQP,iCNlS2qEpzYWEes1RTf-D
YF4G744_sJxg1hbAA1k4X,mrh64by3B9b6MRHbzkLQP,iCNlS2qEpzYWEes1RTf-D
HyxMx-13tDaRyOXecI6Rz,mrh64by3B9b6MRHbzkLQP,iCNlS2qEpzYWEes1RTf-D
kYiAYKfppxHQ0d2W1jLSp,mrh64by3B9b6MRHbzkLQP,iCNlS2qEpzYWEes1RTf-D
d24QQxjGQg_JIWxxtxjKN,f9HpKYDyeknjCeeqiB8Op,iCNlS2qEpzYWEes1RTf-D
YXyjN2MHhT5nCXLFkCRF3,f9HpKYDyeknjCeeqiB8Op,iCNlS2qEpzYWEes1RTf-D
kYiAYKfppxHQ0d2W1jLSp,f9HpKYDyeknjCeeqiB8Op,iCNlS2qEpzYWEes1RTf-D
O7X5bSqpNXbqa59XH4PC5,8tyDj9FUJWQ5qd2JEP3KS,iCNlS2qEpzYWEes1RTf-D
O-TOAWhGViF_orT6LUAeJ,8tyDj9FUJWQ5qd2JEP3KS,iCNlS2qEpzYWEes1RTf-D
kYiAYKfppxHQ0d2W1jLSp,8tyDj9FUJWQ5qd2JEP3KS,iCNlS2qEpzYWEes1RTf-D
O7X5bSqpNXbqa59XH4PC5,vuUo7EbodLwWIfEiDk24K,iCNlS2qEpzYWEes1RTf-D
YXyjN2MHhT5nCXLFkCRF3,vuUo7EbodLwWIfEiDk24K,iCNlS2qEpzYWEes1RTf-D
kYiAYKfppxHQ0d2W1jLSp,vuUo7EbodLwWIfEiDk24K,iCNlS2qEpzYWEes1RTf-D
_zR19hEST16-OJNP7ZvOM,vuUo7EbodLwWIfEiDk24K,iCNlS2qEpzYWEes1RTf-D
8OkXGU7cv0xbt824RMTKb,vuUo7EbodLwWIfEiDk24K,iCNlS2qEpzYWEes1RTf-D
HyxMx-13tDaRyOXecI6Rz,kWW8COhKn1V7KvaHCOY1w,iCNlS2qEpzYWEes1RTf-D
YXyjN2MHhT5nCXLFkCRF3,kWW8COhKn1V7KvaHCOY1w,iCNlS2qEpzYWEes1RTf-D
kYiAYKfppxHQ0d2W1jLSp,kWW8COhKn1V7KvaHCOY1w,iCNlS2qEpzYWEes1RTf-D
_zR19hEST16-OJNP7ZvOM,1uhZj7HqOSXjxmdcFpmTQ,iCNlS2qEpzYWEes1RTf-D
O-TOAWhGViF_orT6LUAeJ,1YV1D50AA5UoI5F0uK09J,iCNlS2qEpzYWEes1RTf-D
kYiAYKfppxHQ0d2W1jLSp,1YV1D50AA5UoI5F0uK09J,iCNlS2qEpzYWEes1RTf-D
HyxMx-13tDaRyOXecI6Rz,QY0za0ktqSbHaA_JzvYZm,iCNlS2qEpzYWEes1RTf-D
O-TOAWhGViF_orT6LUAeJ,QY0za0ktqSbHaA_JzvYZm,iCNlS2qEpzYWEes1RTf-D
kYiAYKfppxHQ0d2W1jLSp,QY0za0ktqSbHaA_JzvYZm,iCNlS2qEpzYWEes1RTf-D
kYiAYKfppxHQ0d2W1jLSp,tgbUKd8vRsIZIvVOEIyh8,iCNlS2qEpzYWEes1RTf-D
kYiAYKfppxHQ0d2W1jLSp,iTnEytlglorlzOde51wrS,iCNlS2qEpzYWEes1RTf-D
O-TOAWhGViF_orT6LUAeJ,MhUcjqKALpjUQ9qkuhuT0,iCNlS2qEpzYWEes1RTf-D
kYiAYKfppxHQ0d2W1jLSp,MhUcjqKALpjUQ9qkuhuT0,iCNlS2qEpzYWEes1RTf-D
YF4G744_sJxg1hbAA1k4X,Ze0cE2b6VsjLyc0ETGjfQ,iCNlS2qEpzYWEes1RTf-D
O-TOAWhGViF_orT6LUAeJ,Ze0cE2b6VsjLyc0ETGjfQ,iCNlS2qEpzYWEes1RTf-D
kYiAYKfppxHQ0d2W1jLSp,Ze0cE2b6VsjLyc0ETGjfQ,iCNlS2qEpzYWEes1RTf-D
kYiAYKfppxHQ0d2W1jLSp,jhDamM9QgeCgxNsfIKeH0,iCNlS2qEpzYWEes1RTf-D
_zR19hEST16-OJNP7ZvOM,LtEm7bIDbdzYH4TD6c9sK,iCNlS2qEpzYWEes1RTf-D
kYiAYKfppxHQ0d2W1jLSp,N983dAQkVWxJwlWi8nb_N,iCNlS2qEpzYWEes1RTf-D
_zR19hEST16-OJNP7ZvOM,y0kKlvySjGINkg-qxjRHT,iCNlS2qEpzYWEes1RTf-D
_zR19hEST16-OJNP7ZvOM,Q53sfE7H1E6Je7ZvYJ3x7,iCNlS2qEpzYWEes1RTf-D
O-TOAWhGViF_orT6LUAeJ,MAAYQvduKVZK6RYRd38Ly,iCNlS2qEpzYWEes1RTf-D
kYiAYKfppxHQ0d2W1jLSp,MAAYQvduKVZK6RYRd38Ly,iCNlS2qEpzYWEes1RTf-D
_zR19hEST16-OJNP7ZvOM,UVfTqd4_ev9vol4smUp9d,iCNlS2qEpzYWEes1RTf-D
MxDn4Cvh11ZXJYOZkjYjJ,SZ8UieCHMznEsf_Q6EybI,iCNlS2qEpzYWEes1RTf-D
_zR19hEST16-OJNP7ZvOM,SZ8UieCHMznEsf_Q6EybI,iCNlS2qEpzYWEes1RTf-D
kYiAYKfppxHQ0d2W1jLSp,BN8qxUwQ58_bGcy1crLbR,iCNlS2qEpzYWEes1RTf-D
O-TOAWhGViF_orT6LUAeJ,HxotH2CR2e4AsbnkpR-ZD,iCNlS2qEpzYWEes1RTf-D
kYiAYKfppxHQ0d2W1jLSp,HxotH2CR2e4AsbnkpR-ZD,iCNlS2qEpzYWEes1RTf-D
kYiAYKfppxHQ0d2W1jLSp,zVe6i8D895rFEjlRZ4LtW,iCNlS2qEpzYWEes1RTf-D
kYiAYKfppxHQ0d2W1jLSp,ObHwvKvMqY5uHhQ6JVhVQ,iCNlS2qEpzYWEes1RTf-D
_zR19hEST16-OJNP7ZvOM,PB7lAOkUHhL5Q5Xrgi_DY,iCNlS2qEpzYWEes1RTf-D
_zR19hEST16-OJNP7ZvOM,xtl0ioLiBlRejkZNEfCz1,iCNlS2qEpzYWEes1RTf-D
_zR19hEST16-OJNP7ZvOM,I0FuCh24hdKAroVi8kvMt,iCNlS2qEpzYWEes1RTf-D
_zR19hEST16-OJNP7ZvOM,0_xC05llckH00ow44OBG_,iCNlS2qEpzYWEes1RTf-D
_zR19hEST16-OJNP7ZvOM,EE3cR-hbWnphH5z32cg1f,iCNlS2qEpzYWEes1RTf-D
_zR19hEST16-OJNP7ZvOM,ktbLINZJqyyfdmawfCpEP,iCNlS2qEpzYWEes1RTf-D
_zR19hEST16-OJNP7ZvOM,z9Cap5OQiu1dgn48WaR6j,iCNlS2qEpzYWEes1RTf-D
_zR19hEST16-OJNP7ZvOM,xSXg2DoQufRwGe__p5SLs,iCNlS2qEpzYWEes1RTf-D
_zR19hEST16-OJNP7ZvOM,My1g7O7guep2Z-OLIvtv5,iCNlS2qEpzYWEes1RTf-D
_zR19hEST16-OJNP7ZvOM,tURezy_ctECa2TpCSYMaZ,iCNlS2qEpzYWEes1RTf-D
_zR19hEST16-OJNP7ZvOM,9tXxeY4Z69n4Xj2aLCZqE,iCNlS2qEpzYWEes1RTf-D
_zR19hEST16-OJNP7ZvOM,c99Kay_0wR92shCDEyfKV,iCNlS2qEpzYWEes1RTf-D
_zR19hEST16-OJNP7ZvOM,4KU-kSQIAdfrmqt09_STI,iCNlS2qEpzYWEes1RTf-D
_zR19hEST16-OJNP7ZvOM,eltGpf5xMAK4DDZoVRJQU,iCNlS2qEpzYWEes1RTf-D
_zR19hEST16-OJNP7ZvOM,yXIQjHlkpzyYtd6i2iATz,iCNlS2qEpzYWEes1RTf-D
MxDn4Cvh11ZXJYOZkjYjJ,Jm_xBm09E7h9hhqIE-jRl,iCNlS2qEpzYWEes1RTf-D
_zR19hEST16-OJNP7ZvOM,Jm_xBm09E7h9hhqIE-jRl,iCNlS2qEpzYWEes1RTf-D
kYiAYKfppxHQ0d2W1jLSp,p_5ReMwLkMMCjiu3C_NqE,iCNlS2qEpzYWEes1RTf-D
kYiAYKfppxHQ0d2W1jLSp,nGNZs10-Hn3bJYj3-hIrR,iCNlS2qEpzYWEes1RTf-D
HyxMx-13tDaRyOXecI6Rz,mjumIfM9c03NS78CEFwdj,iCNlS2qEpzYWEes1RTf-D
kYiAYKfppxHQ0d2W1jLSp,mjumIfM9c03NS78CEFwdj,iCNlS2qEpzYWEes1RTf-D
d24QQxjGQg_JIWxxtxjKN,BWCxvrupwSoF2wcIXU3bX,iCNlS2qEpzYWEes1RTf-D
kYiAYKfppxHQ0d2W1jLSp,BWCxvrupwSoF2wcIXU3bX,iCNlS2qEpzYWEes1RTf-D
_zR19hEST16-OJNP7ZvOM,w3ZE0-8JOHV1A-eCT_xZI,iCNlS2qEpzYWEes1RTf-D
pZAk02IsX35VBbmxht3rl,AMvmsOeKXsUeuIp6gSQfa,iCNlS2qEpzYWEes1RTf-D
kYiAYKfppxHQ0d2W1jLSp,AMvmsOeKXsUeuIp6gSQfa,iCNlS2qEpzYWEes1RTf-D
_zR19hEST16-OJNP7ZvOM,X16YYvzWiSnMXb3I58MI8,iCNlS2qEpzYWEes1RTf-D
kYiAYKfppxHQ0d2W1jLSp,U0I3lwUctFFGluv0Rg_PK,iCNlS2qEpzYWEes1RTf-D
kYiAYKfppxHQ0d2W1jLSp,gS-csrfUcMG1mc1dvxcaE,iCNlS2qEpzYWEes1RTf-D
kYiAYKfppxHQ0d2W1jLSp,JTyziL5bz1bnMLoHqwBPc,iCNlS2qEpzYWEes1RTf-D
O-TOAWhGViF_orT6LUAeJ,a04zSxdTm6z7kokm3pw_s,iCNlS2qEpzYWEes1RTf-D
kYiAYKfppxHQ0d2W1jLSp,a04zSxdTm6z7kokm3pw_s,iCNlS2qEpzYWEes1RTf-D
kYiAYKfppxHQ0d2W1jLSp,V8lho3Cqi5_qJaRtvHjPj,iCNlS2qEpzYWEes1RTf-D
kYiAYKfppxHQ0d2W1jLSp,-hS3eXkArDXIEBbRliAbq,iCNlS2qEpzYWEes1RTf-D
O-TOAWhGViF_orT6LUAeJ,w6C-v7kaSKr1ZOvXqkuGs,iCNlS2qEpzYWEes1RTf-D
kYiAYKfppxHQ0d2W1jLSp,w6C-v7kaSKr1ZOvXqkuGs,iCNlS2qEpzYWEes1RTf-D
O-TOAWhGViF_orT6LUAeJ,HLlD662YuR4MaSKF6pmD2,iCNlS2qEpzYWEes1RTf-D
kYiAYKfppxHQ0d2W1jLSp,HLlD662YuR4MaSKF6pmD2,iCNlS2qEpzYWEes1RTf-D
kYiAYKfppxHQ0d2W1jLSp,FlogsI7pWqh5Jhf-nx57-,iCNlS2qEpzYWEes1RTf-D
d24QQxjGQg_JIWxxtxjKN,mGsF2VpVlZpLxNbdhI4FL,iCNlS2qEpzYWEes1RTf-D
kYiAYKfppxHQ0d2W1jLSp,mGsF2VpVlZpLxNbdhI4FL,iCNlS2qEpzYWEes1RTf-D
kYiAYKfppxHQ0d2W1jLSp,66pxCrNqC19YHf2LdFOXS,iCNlS2qEpzYWEes1RTf-D
kYiAYKfppxHQ0d2W1jLSp,zrpBifgcCO7g1DjYQ1v9A,iCNlS2qEpzYWEes1RTf-D
kYiAYKfppxHQ0d2W1jLSp,jC2ZSB7TCGAhDeK_CTNuj,iCNlS2qEpzYWEes1RTf-D
kYiAYKfppxHQ0d2W1jLSp,bbBCilPYtx_FfumPLQRqG,iCNlS2qEpzYWEes1RTf-D
d24QQxjGQg_JIWxxtxjKN,0aANjS4hkfgYM6jyk0bnz,iCNlS2qEpzYWEes1RTf-D
YXyjN2MHhT5nCXLFkCRF3,0aANjS4hkfgYM6jyk0bnz,iCNlS2qEpzYWEes1RTf-D
kYiAYKfppxHQ0d2W1jLSp,0aANjS4hkfgYM6jyk0bnz,iCNlS2qEpzYWEes1RTf-D
kYiAYKfppxHQ0d2W1jLSp,KUuDk9aUk-QlE5TL2KFn_,iCNlS2qEpzYWEes1RTf-D
O7X5bSqpNXbqa59XH4PC5,bI-IPe9PigVIUaxQaTVMD,iCNlS2qEpzYWEes1RTf-D
kYiAYKfppxHQ0d2W1jLSp,bI-IPe9PigVIUaxQaTVMD,iCNlS2qEpzYWEes1RTf-D
d24QQxjGQg_JIWxxtxjKN,aV8cHC0fy75Qa0VMwrLTN,iCNlS2qEpzYWEes1RTf-D
kYiAYKfppxHQ0d2W1jLSp,aV8cHC0fy75Qa0VMwrLTN,iCNlS2qEpzYWEes1RTf-D
kYiAYKfppxHQ0d2W1jLSp,1Yh8Tv8C5s5i_qEfPVOu_,iCNlS2qEpzYWEes1RTf-D
kYiAYKfppxHQ0d2W1jLSp,p6KCIi4r8zu6zV7FWa0cV,iCNlS2qEpzYWEes1RTf-D
kYiAYKfppxHQ0d2W1jLSp,uAksUxt6JD6JYgCPFvUo_,iCNlS2qEpzYWEes1RTf-D
kYiAYKfppxHQ0d2W1jLSp,mVgbZcfCvMzf0YIqg1Y0m,iCNlS2qEpzYWEes1RTf-D
kYiAYKfppxHQ0d2W1jLSp,DICKK8bsykenS1luaM5bR,iCNlS2qEpzYWEes1RTf-D
_zR19hEST16-OJNP7ZvOM,0daDDPiMlexz7joLYgRIN,iCNlS2qEpzYWEes1RTf-D
_zR19hEST16-OJNP7ZvOM,gl0rUV1-DcgaowRvLpoEO,iCNlS2qEpzYWEes1RTf-D
_zR19hEST16-OJNP7ZvOM,Cl9nAIiqlhr4IA1QdJz1Y,iCNlS2qEpzYWEes1RTf-D
_zR19hEST16-OJNP7ZvOM,KolhFMo131bi8uFmKPXxP,iCNlS2qEpzYWEes1RTf-D
kYiAYKfppxHQ0d2W1jLSp,bIWKSeko2WHqv9swUiII4,iCNlS2qEpzYWEes1RTf-D
_zR19hEST16-OJNP7ZvOM,1jd8fZpOsSj40eUiePVUC,iCNlS2qEpzYWEes1RTf-D
_zR19hEST16-OJNP7ZvOM,G7LZnogDhN6C7K3fcdpYk,iCNlS2qEpzYWEes1RTf-D
HyxMx-13tDaRyOXecI6Rz,8mw0qcXR-xQt4XVuJsLUB,iCNlS2qEpzYWEes1RTf-D
kYiAYKfppxHQ0d2W1jLSp,8mw0qcXR-xQt4XVuJsLUB,iCNlS2qEpzYWEes1RTf-D
HyxMx-13tDaRyOXecI6Rz,_9qutFdi5zQ81jObeaLYb,iCNlS2qEpzYWEes1RTf-D
kYiAYKfppxHQ0d2W1jLSp,_9qutFdi5zQ81jObeaLYb,iCNlS2qEpzYWEes1RTf-D
kYiAYKfppxHQ0d2W1jLSp,s6kgd_3FLqz583vhh1PUp,iCNlS2qEpzYWEes1RTf-D
lBKeew-TH9Q1xk7a31D-B,iCzgBp712q79Xv8lMu4J7,iCNlS2qEpzYWEes1RTf-D
kYiAYKfppxHQ0d2W1jLSp,iCzgBp712q79Xv8lMu4J7,iCNlS2qEpzYWEes1RTf-D
lBKeew-TH9Q1xk7a31D-B,vs5FPtr5lLosii1jETfQ4,iCNlS2qEpzYWEes1RTf-D
kYiAYKfppxHQ0d2W1jLSp,vs5FPtr5lLosii1jETfQ4,iCNlS2qEpzYWEes1RTf-D
_zR19hEST16-OJNP7ZvOM,YRaA8okCX62BXlwP6d8OO,iCNlS2qEpzYWEes1RTf-D
HyxMx-13tDaRyOXecI6Rz,ztJ4x5Pq6dt4AiXOHxgg4,iCNlS2qEpzYWEes1RTf-D
O7X5bSqpNXbqa59XH4PC5,ztJ4x5Pq6dt4AiXOHxgg4,iCNlS2qEpzYWEes1RTf-D
d24QQxjGQg_JIWxxtxjKN,ztJ4x5Pq6dt4AiXOHxgg4,iCNlS2qEpzYWEes1RTf-D
YXyjN2MHhT5nCXLFkCRF3,ztJ4x5Pq6dt4AiXOHxgg4,iCNlS2qEpzYWEes1RTf-D
kYiAYKfppxHQ0d2W1jLSp,ztJ4x5Pq6dt4AiXOHxgg4,iCNlS2qEpzYWEes1RTf-D
O7X5bSqpNXbqa59XH4PC5,4TlAl4BdJNAqtR6rjI-_q,iCNlS2qEpzYWEes1RTf-D
kYiAYKfppxHQ0d2W1jLSp,4TlAl4BdJNAqtR6rjI-_q,iCNlS2qEpzYWEes1RTf-D
HyxMx-13tDaRyOXecI6Rz,KqfzmQv1M1IHv4MlxHQJ3,iCNlS2qEpzYWEes1RTf-D
O7X5bSqpNXbqa59XH4PC5,KqfzmQv1M1IHv4MlxHQJ3,iCNlS2qEpzYWEes1RTf-D
kYiAYKfppxHQ0d2W1jLSp,KqfzmQv1M1IHv4MlxHQJ3,iCNlS2qEpzYWEes1RTf-D
HyxMx-13tDaRyOXecI6Rz,2nZ6_q6TAe1h4pQadnjzG,iCNlS2qEpzYWEes1RTf-D
O7X5bSqpNXbqa59XH4PC5,2nZ6_q6TAe1h4pQadnjzG,iCNlS2qEpzYWEes1RTf-D
kYiAYKfppxHQ0d2W1jLSp,2nZ6_q6TAe1h4pQadnjzG,iCNlS2qEpzYWEes1RTf-D
YF4G744_sJxg1hbAA1k4X,MS_ADA0IqX5cz12roUDB0,iCNlS2qEpzYWEes1RTf-D
HyxMx-13tDaRyOXecI6Rz,MS_ADA0IqX5cz12roUDB0,iCNlS2qEpzYWEes1RTf-D
kYiAYKfppxHQ0d2W1jLSp,MS_ADA0IqX5cz12roUDB0,iCNlS2qEpzYWEes1RTf-D
kYiAYKfppxHQ0d2W1jLSp,8ptyVwdA5xue16kPC0cUl,iCNlS2qEpzYWEes1RTf-D
_zR19hEST16-OJNP7ZvOM,MkEeAADAlOWv2sKgvQcoB,iCNlS2qEpzYWEes1RTf-D
kYiAYKfppxHQ0d2W1jLSp,cmNezw-IwDiR4s7r6Iv0k,iCNlS2qEpzYWEes1RTf-D
kYiAYKfppxHQ0d2W1jLSp,bnsnliVDixMU36BmevLrZ,iCNlS2qEpzYWEes1RTf-D
kYiAYKfppxHQ0d2W1jLSp,mtxFCKynw84ZemGw1t4rl,iCNlS2qEpzYWEes1RTf-D
kYiAYKfppxHQ0d2W1jLSp,qdDqYR6kNrdt3fmGyAuWS,iCNlS2qEpzYWEes1RTf-D
kYiAYKfppxHQ0d2W1jLSp,KyQlqsKdfuk_CC6IeO4mT,iCNlS2qEpzYWEes1RTf-D
kYiAYKfppxHQ0d2W1jLSp,Wwpj_ocWQadyE_Fa0moV9,iCNlS2qEpzYWEes1RTf-D
kYiAYKfppxHQ0d2W1jLSp,jZMXbzDw01_CmXMZ3vM0z,iCNlS2qEpzYWEes1RTf-D
kYiAYKfppxHQ0d2W1jLSp,slf7fb_6GOoSn-oma8F0y,iCNlS2qEpzYWEes1RTf-D
kYiAYKfppxHQ0d2W1jLSp,gckqvrz5Xcx9AzWO7nYwy,iCNlS2qEpzYWEes1RTf-D
kYiAYKfppxHQ0d2W1jLSp,VJrT_lsZaglNI0YzlL8Qa,iCNlS2qEpzYWEes1RTf-D
YF4G744_sJxg1hbAA1k4X,MVNshVElWxV4obDWwg_E4,iCNlS2qEpzYWEes1RTf-D
HyxMx-13tDaRyOXecI6Rz,MVNshVElWxV4obDWwg_E4,iCNlS2qEpzYWEes1RTf-D
kYiAYKfppxHQ0d2W1jLSp,MVNshVElWxV4obDWwg_E4,iCNlS2qEpzYWEes1RTf-D
HyxMx-13tDaRyOXecI6Rz,oZa3voWumsi0nsdzOoXHn,iCNlS2qEpzYWEes1RTf-D
_zR19hEST16-OJNP7ZvOM,oZa3voWumsi0nsdzOoXHn,iCNlS2qEpzYWEes1RTf-D
_zR19hEST16-OJNP7ZvOM,gA9A9pgljdEh6_hv-cUov,iCNlS2qEpzYWEes1RTf-D
_zR19hEST16-OJNP7ZvOM,L3U1O8LZ9aHznzFxgKe5u,iCNlS2qEpzYWEes1RTf-D
_zR19hEST16-OJNP7ZvOM,iTorjUy7-7eZ3s2eLSrJI,iCNlS2qEpzYWEes1RTf-D
MxDn4Cvh11ZXJYOZkjYjJ,9Xg_d8fLu0FJk_3_WOkBb,iCNlS2qEpzYWEes1RTf-D
_zR19hEST16-OJNP7ZvOM,9Xg_d8fLu0FJk_3_WOkBb,iCNlS2qEpzYWEes1RTf-D
iRywMhC1XGIlxM79HoWZS,9Xg_d8fLu0FJk_3_WOkBb,iCNlS2qEpzYWEes1RTf-D
MxDn4Cvh11ZXJYOZkjYjJ,G3Y8HOtttXVHq9lDqCO9R,iCNlS2qEpzYWEes1RTf-D
_zR19hEST16-OJNP7ZvOM,G3Y8HOtttXVHq9lDqCO9R,iCNlS2qEpzYWEes1RTf-D
iRywMhC1XGIlxM79HoWZS,G3Y8HOtttXVHq9lDqCO9R,iCNlS2qEpzYWEes1RTf-D
_zR19hEST16-OJNP7ZvOM,NnQSsduxnjkJa-3xMjLqA,iCNlS2qEpzYWEes1RTf-D
MxDn4Cvh11ZXJYOZkjYjJ,hVF5Qjgb4NtorcRApYFf3,iCNlS2qEpzYWEes1RTf-D
_zR19hEST16-OJNP7ZvOM,hVF5Qjgb4NtorcRApYFf3,iCNlS2qEpzYWEes1RTf-D
iRywMhC1XGIlxM79HoWZS,hVF5Qjgb4NtorcRApYFf3,iCNlS2qEpzYWEes1RTf-D
_zR19hEST16-OJNP7ZvOM,ymXYscvvL17Z-gPhreFrJ,iCNlS2qEpzYWEes1RTf-D
_zR19hEST16-OJNP7ZvOM,yEFLQ6xLl-mn_IT5cSg3b,iCNlS2qEpzYWEes1RTf-D
_zR19hEST16-OJNP7ZvOM,C5xZ7-mdn6HvNY0DdaUpb,iCNlS2qEpzYWEes1RTf-D
kYiAYKfppxHQ0d2W1jLSp,AMwS1QGlGdcD-CUHX4aDt,iCNlS2qEpzYWEes1RTf-D
_zR19hEST16-OJNP7ZvOM,OF-X5p9YFMFBOXGZojNHw,iCNlS2qEpzYWEes1RTf-D
kYiAYKfppxHQ0d2W1jLSp,z47B8ust9TzFOX2qpjKtt,iCNlS2qEpzYWEes1RTf-D
_zR19hEST16-OJNP7ZvOM,VTkq5SJThomH_-HUdqHC9,iCNlS2qEpzYWEes1RTf-D
kYiAYKfppxHQ0d2W1jLSp,boJ4amDiykt1QpBBZi4af,iCNlS2qEpzYWEes1RTf-D
_zR19hEST16-OJNP7ZvOM,doAMnYlz8vrRQsWxtY8DF,iCNlS2qEpzYWEes1RTf-D
HyxMx-13tDaRyOXecI6Rz,_EIQUWiyG3kD9i7bsOoTV,iCNlS2qEpzYWEes1RTf-D
_zR19hEST16-OJNP7ZvOM,_EIQUWiyG3kD9i7bsOoTV,iCNlS2qEpzYWEes1RTf-D
_zR19hEST16-OJNP7ZvOM,bUPHRFd58OwFTd73qpvqT,iCNlS2qEpzYWEes1RTf-D
_zR19hEST16-OJNP7ZvOM,yVj1zOD3d8Ac7AW0USItb,iCNlS2qEpzYWEes1RTf-D
_zR19hEST16-OJNP7ZvOM,veg_CSOsSp-Kl1yhB11b0,iCNlS2qEpzYWEes1RTf-D
_zR19hEST16-OJNP7ZvOM,zavlYe0tM2k8Cd1Hhe1oV,iCNlS2qEpzYWEes1RTf-D
_zR19hEST16-OJNP7ZvOM,igeECdxpLjM57JF3NHlLT,iCNlS2qEpzYWEes1RTf-D
_zR19hEST16-OJNP7ZvOM,0TotK1tuZFxFXthQ_WBbu,iCNlS2qEpzYWEes1RTf-D
_zR19hEST16-OJNP7ZvOM,2fVC187meiZ9ta39EpxRj,iCNlS2qEpzYWEes1RTf-D
_zR19hEST16-OJNP7ZvOM,ITE0vq4xtyRQcJCBsVCCc,iCNlS2qEpzYWEes1RTf-D
_zR19hEST16-OJNP7ZvOM,cnuWKNv7CiGiiiKF3hiaV,iCNlS2qEpzYWEes1RTf-D
MxDn4Cvh11ZXJYOZkjYjJ,Ssw407hnzRxkq9qxjB4VI,iCNlS2qEpzYWEes1RTf-D
_zR19hEST16-OJNP7ZvOM,Ssw407hnzRxkq9qxjB4VI,iCNlS2qEpzYWEes1RTf-D
_zR19hEST16-OJNP7ZvOM,aV6nM8f0Qr2Hc8A91q9CT,iCNlS2qEpzYWEes1RTf-D
iRywMhC1XGIlxM79HoWZS,aV6nM8f0Qr2Hc8A91q9CT,iCNlS2qEpzYWEes1RTf-D
_zR19hEST16-OJNP7ZvOM,J9HZcO1Q86K3d75M1I7sM,iCNlS2qEpzYWEes1RTf-D
_zR19hEST16-OJNP7ZvOM,VRpbBmU-uZBULvFGhpwru,iCNlS2qEpzYWEes1RTf-D
_zR19hEST16-OJNP7ZvOM,OQPzDXIhsddK9TNefJIIf,iCNlS2qEpzYWEes1RTf-D
_zR19hEST16-OJNP7ZvOM,lmMmnhdd5zR6wjTC5Blph,iCNlS2qEpzYWEes1RTf-D
_zR19hEST16-OJNP7ZvOM,oDYo4rX4-Q5R2MApWlVkp,iCNlS2qEpzYWEes1RTf-D
_zR19hEST16-OJNP7ZvOM,xDVlNUOoYCK1X8H78brz_,iCNlS2qEpzYWEes1RTf-D
_zR19hEST16-OJNP7ZvOM,UL9p6OuZRrHsVCW4rUGVv,iCNlS2qEpzYWEes1RTf-D
kYiAYKfppxHQ0d2W1jLSp,2XJzJy2BYngWWUF-cc7LY,iCNlS2qEpzYWEes1RTf-D
_zR19hEST16-OJNP7ZvOM,-s-7JuRdK5po4Te_CmiqA,iCNlS2qEpzYWEes1RTf-D
O7X5bSqpNXbqa59XH4PC5,82oVVllmrIYHYPGbaDwXZ,iCNlS2qEpzYWEes1RTf-D
_zR19hEST16-OJNP7ZvOM,82oVVllmrIYHYPGbaDwXZ,iCNlS2qEpzYWEes1RTf-D
_zR19hEST16-OJNP7ZvOM,mD8kei9d9ay7xVOozVo_U,iCNlS2qEpzYWEes1RTf-D
_zR19hEST16-OJNP7ZvOM,HflGUiig7qx-antN2p-Hb,iCNlS2qEpzYWEes1RTf-D
_zR19hEST16-OJNP7ZvOM,uTPaTRvYiHjNsjyQtr8Ou,iCNlS2qEpzYWEes1RTf-D
_zR19hEST16-OJNP7ZvOM,WPfQD0ViKhZJWWZIU78gP,iCNlS2qEpzYWEes1RTf-D
O7X5bSqpNXbqa59XH4PC5,lBxK59WH_zVrsTABv5o5z,iCNlS2qEpzYWEes1RTf-D
_zR19hEST16-OJNP7ZvOM,lBxK59WH_zVrsTABv5o5z,iCNlS2qEpzYWEes1RTf-D
_zR19hEST16-OJNP7ZvOM,bjCcZRrgs0o2pf6lCgHUZ,iCNlS2qEpzYWEes1RTf-D
MxDn4Cvh11ZXJYOZkjYjJ,uRhaQ6_Q635H4g3WwJvO5,iCNlS2qEpzYWEes1RTf-D
HyxMx-13tDaRyOXecI6Rz,uRhaQ6_Q635H4g3WwJvO5,iCNlS2qEpzYWEes1RTf-D
O7X5bSqpNXbqa59XH4PC5,uRhaQ6_Q635H4g3WwJvO5,iCNlS2qEpzYWEes1RTf-D
_zR19hEST16-OJNP7ZvOM,uRhaQ6_Q635H4g3WwJvO5,iCNlS2qEpzYWEes1RTf-D
_zR19hEST16-OJNP7ZvOM,qIS_bVLLjzfv0twuNsw0S,iCNlS2qEpzYWEes1RTf-D
O7X5bSqpNXbqa59XH4PC5,o67nWa46P-P9kWRsc9aDa,iCNlS2qEpzYWEes1RTf-D
_zR19hEST16-OJNP7ZvOM,o67nWa46P-P9kWRsc9aDa,iCNlS2qEpzYWEes1RTf-D
kYiAYKfppxHQ0d2W1jLSp,w2pqemp2wzHziXK1Cslth,iCNlS2qEpzYWEes1RTf-D
_zR19hEST16-OJNP7ZvOM,xkMt_GYfh2tXtvtFrsswW,iCNlS2qEpzYWEes1RTf-D
_zR19hEST16-OJNP7ZvOM,5vhM9LcujDBpEWXKEO-W_,iCNlS2qEpzYWEes1RTf-D
_zR19hEST16-OJNP7ZvOM,1j8tnx0eVLybcbf8W7PkU,iCNlS2qEpzYWEes1RTf-D
_zR19hEST16-OJNP7ZvOM,dvFMulgoDz1hRNO8pd9s5,iCNlS2qEpzYWEes1RTf-D
_zR19hEST16-OJNP7ZvOM,qaYILbO6MwgV0O_iESnt0,iCNlS2qEpzYWEes1RTf-D
_zR19hEST16-OJNP7ZvOM,rQo1DeZZgBnqWT7wvBXHS,iCNlS2qEpzYWEes1RTf-D
kYiAYKfppxHQ0d2W1jLSp,CCsMsi5XESPApUiyOXfiM,iCNlS2qEpzYWEes1RTf-D
kYiAYKfppxHQ0d2W1jLSp,KCAtXyO9hPZTNM4dJHwKp,iCNlS2qEpzYWEes1RTf-D
HyxMx-13tDaRyOXecI6Rz,oj7ViYmOhygtxCuG5Q1HN,iCNlS2qEpzYWEes1RTf-D
kYiAYKfppxHQ0d2W1jLSp,oj7ViYmOhygtxCuG5Q1HN,iCNlS2qEpzYWEes1RTf-D
kYiAYKfppxHQ0d2W1jLSp,t9yIshNCWN_5966ApVXM1,iCNlS2qEpzYWEes1RTf-D
HyxMx-13tDaRyOXecI6Rz,6OyQRI1-b_bc6mzgevMKg,iCNlS2qEpzYWEes1RTf-D
kYiAYKfppxHQ0d2W1jLSp,6OyQRI1-b_bc6mzgevMKg,iCNlS2qEpzYWEes1RTf-D
kYiAYKfppxHQ0d2W1jLSp,zHk5PvZbKetkVVQkX1Ynu,iCNlS2qEpzYWEes1RTf-D
kYiAYKfppxHQ0d2W1jLSp,izxfni_zPjeOA49N-oMWr,iCNlS2qEpzYWEes1RTf-D
kYiAYKfppxHQ0d2W1jLSp,yim3tSni-ncY5B1fEtazj,iCNlS2qEpzYWEes1RTf-D
kYiAYKfppxHQ0d2W1jLSp,YXDDa24OnTfb4ouoaA8aP,iCNlS2qEpzYWEes1RTf-D
kYiAYKfppxHQ0d2W1jLSp,y7I5m2BZbTaBw11cJKv4O,iCNlS2qEpzYWEes1RTf-D
kYiAYKfppxHQ0d2W1jLSp,yIUPmTFehw2TgOSSZNG_Y,iCNlS2qEpzYWEes1RTf-D
kYiAYKfppxHQ0d2W1jLSp,J3-tsjZxV8PlJSH44m3w1,iCNlS2qEpzYWEes1RTf-D
kYiAYKfppxHQ0d2W1jLSp,QuTzFD3KoD-vdbFGPROzl,iCNlS2qEpzYWEes1RTf-D
kYiAYKfppxHQ0d2W1jLSp,zceznydiV_dcsp1cGmsvd,iCNlS2qEpzYWEes1RTf-D
HyxMx-13tDaRyOXecI6Rz,UgayxjXiqQZn8_Yt9F5qq,iCNlS2qEpzYWEes1RTf-D
kYiAYKfppxHQ0d2W1jLSp,UgayxjXiqQZn8_Yt9F5qq,iCNlS2qEpzYWEes1RTf-D
kYiAYKfppxHQ0d2W1jLSp,HO85ObWb4MZiZkq638vuk,iCNlS2qEpzYWEes1RTf-D
kYiAYKfppxHQ0d2W1jLSp,4jSfGKGJZnmJB7wqIfWZo,iCNlS2qEpzYWEes1RTf-D
HyxMx-13tDaRyOXecI6Rz,ZaW0CXuewcGZov8DUJ5HK,iCNlS2qEpzYWEes1RTf-D
O7X5bSqpNXbqa59XH4PC5,ZaW0CXuewcGZov8DUJ5HK,iCNlS2qEpzYWEes1RTf-D
kYiAYKfppxHQ0d2W1jLSp,ZaW0CXuewcGZov8DUJ5HK,iCNlS2qEpzYWEes1RTf-D
HyxMx-13tDaRyOXecI6Rz,WtLd19bqTJ38S6scp1OA0,iCNlS2qEpzYWEes1RTf-D
kYiAYKfppxHQ0d2W1jLSp,WtLd19bqTJ38S6scp1OA0,iCNlS2qEpzYWEes1RTf-D
HyxMx-13tDaRyOXecI6Rz,k1RWJfF-aQu5SoB5E-q56,iCNlS2qEpzYWEes1RTf-D
kYiAYKfppxHQ0d2W1jLSp,k1RWJfF-aQu5SoB5E-q56,iCNlS2qEpzYWEes1RTf-D
HyxMx-13tDaRyOXecI6Rz,LZnu7lfrjDvi8k-3XbZox,iCNlS2qEpzYWEes1RTf-D
kYiAYKfppxHQ0d2W1jLSp,LZnu7lfrjDvi8k-3XbZox,iCNlS2qEpzYWEes1RTf-D
HyxMx-13tDaRyOXecI6Rz,rmuRNbTUJ43LPAV_UbdzJ,iCNlS2qEpzYWEes1RTf-D
kYiAYKfppxHQ0d2W1jLSp,rmuRNbTUJ43LPAV_UbdzJ,iCNlS2qEpzYWEes1RTf-D
HyxMx-13tDaRyOXecI6Rz,WV-Eq1VhQLCdOhcArGQKC,iCNlS2qEpzYWEes1RTf-D
kYiAYKfppxHQ0d2W1jLSp,WV-Eq1VhQLCdOhcArGQKC,iCNlS2qEpzYWEes1RTf-D
kYiAYKfppxHQ0d2W1jLSp,awv6JbOAI38Ed3q8-Iy3c,iCNlS2qEpzYWEes1RTf-D
kYiAYKfppxHQ0d2W1jLSp,iRTV6NFibyB7ggIKJoW1R,iCNlS2qEpzYWEes1RTf-D
HyxMx-13tDaRyOXecI6Rz,-guR4swz7EX7CeNnEQI3P,iCNlS2qEpzYWEes1RTf-D
kYiAYKfppxHQ0d2W1jLSp,-guR4swz7EX7CeNnEQI3P,iCNlS2qEpzYWEes1RTf-D
kYiAYKfppxHQ0d2W1jLSp,7bHPpjhEyp7j726iOKQab,iCNlS2qEpzYWEes1RTf-D
kYiAYKfppxHQ0d2W1jLSp,058B73_9XTp1ayBO4K1n3,iCNlS2qEpzYWEes1RTf-D
kYiAYKfppxHQ0d2W1jLSp,H-s5GYmv65OM8Cn6XhCvK,iCNlS2qEpzYWEes1RTf-D
kYiAYKfppxHQ0d2W1jLSp,3O2nk8ljXPknw7Hl_Azyj,iCNlS2qEpzYWEes1RTf-D
