id,name,projectID
ic_g-DZTYDApZR_v7Cdcy,bug,iCNlS2qEpzYWEes1RTf-D
wShxvytCUdKTRCFsKsdtl,connectvity,iCNlS2qEpzYWEes1RTf-D
YXyjN2MHhT5nCXLFkCRF3,DD31,iCNlS2qEpzYWEes1RTf-D
P6N3DsSsFKmG5zS8YCtAW,dependencies,iCNlS2qEpzYWEes1RTf-D
BAmj4o_MMK6jQtdIWu0dl,Design Needed,iCNlS2qEpzYWEes1RTf-D
lBKeew-TH9Q1xk7a31D-B,documentation,iCNlS2qEpzYWEes1RTf-D
OaCzSFI8Zi5t-vJm9IPeV,duplicate,iCNlS2qEpzYWEes1RTf-D
8I74WymPStQmYR5qH0qhL,enhancement,iCNlS2qEpzYWEes1RTf-D
HyxMx-13tDaRyOXecI6Rz,fixit,iCNlS2qEpzYWEes1RTf-D
O-TOAWhGViF_orT6LUAeJ,Future,iCNlS2qEpzYWEes1RTf-D
HgsJeWYH-psK03VYxlxkn,GA,iCNlS2qEpzYWEes1RTf-D
YF4G744_sJxg1hbAA1k4X,good first issue,iCNlS2qEpzYWEes1RTf-D
p9R8DQLyTuMfGwONFfuQh,help wanted,iCNlS2qEpzYWEes1RTf-D
bOJnAZWoFalXm6Ebznb_h,invalid,iCNlS2qEpzYWEes1RTf-D
iRywMhC1XGIlxM79HoWZS,logging/error handling,iCNlS2qEpzYWEes1RTf-D
RrCoQX185mFruFd__iRxi,mirror,iCNlS2qEpzYWEes1RTf-D
csY1AZ2pGANQoTsCvqjfE,mono,iCNlS2qEpzYWEes1RTf-D
d24QQxjGQg_JIWxxtxjKN,Next Release,iCNlS2qEpzYWEes1RTf-D
LGBpCgpufXn2VLmVjscEl,p0,iCNlS2qEpzYWEes1RTf-D
MxDn4Cvh11ZXJYOZkjYjJ,p1,iCNlS2qEpzYWEes1RTf-D
3TZzFMI-b6rhOmEMd6vva,p3,iCNlS2qEpzYWEes1RTf-D
8OkXGU7cv0xbt824RMTKb,papercut,iCNlS2qEpzYWEes1RTf-D
WpYNpk-AV5BYxX6qoZvkX,query planner,iCNlS2qEpzYWEes1RTf-D
qNnDk6lD8pl9nB1ZcIAto,question,iCNlS2qEpzYWEes1RTf-D
_zR19hEST16-OJNP7ZvOM,reflect,iCNlS2qEpzYWEes1RTf-D
kYiAYKfppxHQ0d2W1jLSp,replicache,iCNlS2qEpzYWEes1RTf-D
O7X5bSqpNXbqa59XH4PC5,user-reported,iCNlS2qEpzYWEes1RTf-D
pZAk02IsX35VBbmxht3rl,wontfix,iCNlS2qEpzYWEes1RTf-D
a95LH0ZlaO_q6i39odtWs,zero-beta,iCNlS2qEpzYWEes1RTf-D
7C_eVnz1U9KIjMIPKoXTF,zql,iCNlS2qEpzYWEes1RTf-D
